,f1,accuracy,mse
training,0.74025447221228,0.5876222267780263,12.723673469387755
validation,0.7384802650350761,0.5853893875513643,12.713935479701787
