,train_f1_score,val_f1_score,train_accuracy_score,val_accuracy_score
0,0.74025447221228,0.7420660115686333,0.5876222267780263,0.5899085471837703
