,f1,accuracy,mse
training,1.0,1.0,5.872324691358025
validation,0.9917480459039408,0.9934126984126984,3.2337925925925926
